year,gdp_per_capita,gdp_per_capita_defl,cty_code
1989,17912.96,14445.936,4279
1990,22046.99,16868.395,4279
1991,21984.99,16141.696,4279
1992,24090.71,17170.855,4279
1993,22632.31,15662.498,4279
1994,23810.08,16066.181,4279
1995,27238.24,17872.861,4279
1996,27152.86,17305.84,4279
1997,24487.66,15257.108,4279
1998,25230.31,15478.718,4279
1999,24930.36,14964.201,4279
2000,22600.49,13124.559,4279
2001,22600.48,12761.423,4279
2002,24413.99,13570.868,4279
2003,29876.7,16237.337,4279
2004,34019.75,18009.396,4279
2005,35107.47,17976.174,4279
2006,36772.17,18240.164,4279
2007,41849.57,20183.836,4279
2008,45789.29,21267.373,4279
2009,42046.84,19598.875,4279
2010,40943.4,18776.553,4279
2011,44140.2,19623.188,4279
2012,41223.31,17954.873,4279
1989,16132.5,13010.08,4210
1990,19767.94,15124.668,4210
1991,20201.82,14832.467,4210
1992,22191,15816.821,4210
1993,21430.99,14831.135,4210
1994,22881.25,15439.44,4210
1995,27126.46,17799.516,4210
1996,26922.47,17159,4210
1997,24791.02,15446.118,4210
1998,25670.2,15748.589,4210
1999,26055.94,15639.82,4210
2000,24249.91,14082.41,4210
2001,24990.55,14110.982,4210
2002,27206.45,15123.097,4210
2003,33241.45,18066.006,4210
2004,37507.13,19855.549,4210
2005,39189.91,20066.518,4210
2006,41497.7,20584.176,4210
2007,47838.63,23072.33,4210
2008,53198.73,24708.773,4210
2009,48300.07,22513.631,4210
2010,46861.68,21490.662,4210
2011,49932.22,22198.117,4210
2012,46010.95,20040.137,4210
1989,15705.89,12666.04,4280
1990,19592.68,14990.575,4280
1991,22692.73,16661.328,4280
1992,25671.42,18297.52,4280
1993,24742.34,17122.727,4280
1994,26439.46,17840.391,4280
1995,30920.73,20289.193,4280
1996,29767.35,18972.182,4280
1997,26323.24,16400.771,4280
1998,26589.97,16312.865,4280
1999,25994.91,15603.188,4280
2000,23019.52,13367.897,4280
2001,22862.72,12909.497,4280
2002,24413.62,13570.662,4280
2003,29428.65,15993.831,4280
2004,33089.57,17516.979,4280
2005,33603.03,17205.852,4280
2006,35274.92,17497.48,4280
2007,40463.14,19515.168,4280
2008,44334.37,20591.619,4280
2009,40388.15,18825.727,4280
2010,40493.05,18570.021,4280
2011,44405.33,19741.055,4280
2012,41865.52,18234.588,4280
1989,16127.82,13006.307,4759
1990,20111.95,15387.874,4759
1991,21226.03,15584.457,4759
1992,22512.31,16045.838,4759
1993,18087.21,12517.1,4759
1994,18648.74,12583.495,4759
1995,19919.85,13070.769,4759
1996,22282.9,14201.977,4759
1997,21096.53,13144.255,4759
1998,21547.92,13219.583,4759
1999,21257.87,12759.826,4759
2000,19451.5,11295.877,4759
2001,19744.64,11148.865,4759
2002,21572.8,11991.552,4759
2003,26471.98,14386.945,4759
2004,30019.91,15891.959,4759
2005,30607.34,15671.961,4759
2006,31909.23,15827.991,4759
2007,36025.61,17374.969,4759
2008,38882.76,18059.555,4759
2009,35250.64,16431.031,4759
2010,34126.26,15650.227,4759
2011,36227.33,16105.402,4759
2012,33115.01,14423.291,4759
1989,15171.88,12235.387,4120
1990,17900.11,13695.571,4120
1991,18626.91,13676.146,4120
1992,19325.67,13774.533,4120
1993,17298.24,11971.1,4120
1994,18679.57,12604.298,4120
1995,20353.52,13355.329,4120
1996,21373.35,13622.276,4120
1997,23742.74,14792.984,4120
1998,25275.24,15506.282,4120
1999,25875.93,15531.771,4120
2000,25415.29,14759.17,4120
2001,25132.28,14191.011,4120
2002,27370.06,15214.042,4120
2003,31520.54,17130.729,4120
2004,37129.76,19655.775,4120
2005,38584.96,19756.764,4120
2006,41043.58,20358.918,4120
2007,46866.34,22603.398,4120
2008,44131.12,20497.217,4120
2009,35885.37,16726.891,4120
2010,36891.37,16918.301,4120
2011,39286.35,17465.336,4120
2012,39160.58,17056.447,4120
1989,10624.69,8568.2979,4190
1990,13478.01,10312.174,4190
1991,13583.6,9973.2744,4190
1992,15147.74,10796.679,4190
1993,13959.02,9660.2207,4190
1994,15266.86,10301.525,4190
1995,18860.13,12375.414,4190
1996,20516.34,13076.063,4190
1997,22209.16,13837.482,4190
1998,23841.08,14626.43,4190
1999,25847.66,15514.802,4190
2000,25759.86,14959.269,4190
2001,27359.37,15448.543,4190
2002,31515.3,17518.232,4190
2003,39959.31,21717.016,4190
2004,46110.44,24409.975,4190
2005,49090.31,25135.846,4190
2006,52675.44,26128.689,4190
2007,59405.71,28651.074,4190
2008,59146.02,27471.063,4190
2009,49858.39,23239.996,4190
2010,46056.37,21121.348,4190
2011,49452.99,21985.068,4190
2012,45984.37,20028.561,4190
1989,21454.88,17302.322,4099
1990,26451.46,20238.303,4099
1991,26560.9,19501.395,4099
1992,29095.51,20738.068,4099
1993,27144.62,18785.203,4099
1994,29556.47,19943.637,4099
1995,34891.59,22894.746,4099
1996,35123.93,22386.189,4099
1997,32309.5,20130.529,4099
1998,32796.45,20120.521,4099
1999,32735.71,19649.285,4099
2000,30033.99,17441.342,4099
2001,29999.9,16939.525,4099
2002,32389.91,18004.398,4099
2003,39495.21,21464.787,4099
2004,45339.84,24002.033,4099
2005,47617.12,24381.525,4099
2006,50553.49,25076.135,4099
2007,57171.43,27573.492,4099
2008,62800.3,29168.336,4099
2009,56345.41,26263.727,4099
2010,56576.98,25946.076,4099
2011,60010.5,26678.568,4099
2012,56426.45,24576.623,4099
1989,7387.05,5957.2983,4840
1990,9073.879999999999,6942.5254,4840
1991,9702.81,7123.9429,4840
1992,10585.18,7544.6758,4840
1993,9807.41,6787.1348,4840
1994,10387.83,7009.332,4840
1995,12352.02,8105.0005,4840
1996,12949.18,8253.1426,4840
1997,12664.05,7890.3735,4840
1998,12654.18,7763.3008,4840
1999,12966.9,7783.2534,4840
2000,11702.85,6796.0801,4840
2001,11997.21,6774.2573,4840
2002,13484.68,7495.6533,4840
2003,17716.15,9628.3418,4840
2004,20863.05,11044.495,4840
2005,21699.72,11110.968,4840
2006,23546.25,11679.688,4840
2007,27379.01,13204.758,4840
2008,30605.23,14214.958,4840
2009,28582.4,13322.83,4840
2010,26074.16,11957.552,4840
2011,25654.78,11405.217,4840
2012,22072.45,9613.6875,4840
1989,5873.52,4736.7095,4710
1990,7815.76,5979.9238,4710
1991,8868.07,6511.0645,4710
1992,10670.24,7605.3027,4710
1993,9380.549999999999,6491.73,4710
1994,9813.67,6621.9097,4710
1995,11602.51,7613.1958,4710
1996,12048.14,7678.8662,4710
1997,11480.82,7153.1587,4710
1998,12146.45,7451.8101,4710
1999,12445.05,7470.0181,4710
2000,11504.58,6680.9409,4710
2001,11700.72,6606.8433,4710
2002,12803.71,7117.1265,4710
2003,15538.76,8444.9785,4710
2004,17676.71,9357.708,4710
2005,18217.25,9327.8291,4710
2006,19082.78,9465.6641,4710
2007,21876.73,10551.036,4710
2008,23827.95,11067.171,4710
2009,22076.37,10290.239,4710
2010,21562.45,9888.4912,4710
2011,22334.04,9928.9326,4710
2012,20037.74,8727.4668,4710
1989,10347.54,8344.79,4700
1990,13400.01,10252.495,4700
1991,14393.43,10567.863,4700
1992,15681.87,11177.384,4700
1993,13132.27,9088.0762,4700
1994,13141.99,8867.7393,4700
1995,15155.44,9944.5146,4700
1996,15762.76,10046.374,4700
1997,14477.11,9020.0059,4700
1998,15137.33,9286.7051,4700
1999,15486.74,9295.7627,4700
2000,14455.74,8394.7383,4700
2001,14964.58,8449.791,4700
2002,16670.51,9266.543,4700
2003,21081.77,11457.483,4700
2004,24500.85,12970.275,4700
2005,26101.6,13364.874,4700
2006,28081.47,13929.301,4700
2007,32168.13,15514.526,4700
2008,35112.83,16308.565,4700
2009,31746.74,14797.792,4700
2010,30113.76,13810.104,4700
2011,31563.4,14031.982,4700
2012,28670.09,12487.3,4700
1989,15902.22,12824.371,4231
1990,19875.05,15206.619,4231
1991,20313.44,14914.42,4231
1992,22545.24,16069.309,4231
1993,21459.22,14850.671,4231
1994,23336.92,15746.909,4231
1995,28111.96,18446.168,4231
1996,27199.4,17335.502,4231
1997,24589.22,15320.386,4231
1998,25111.41,15405.773,4231
1999,24950.44,14976.255,4231
2000,22790.54,13234.925,4231
2001,22671.37,12801.451,4231
2002,24606.76,13678.021,4231
2003,30155.42,16388.814,4231
2004,34835.03,18440.99,4231
2005,36187.16,18529.012,4231
2006,38086.06,18891.895,4231
2007,43486.09,20973.121,4231
2008,47789.59,22196.436,4231
2009,44134.37,20571.916,4231
2010,43585.79,19988.346,4231
2011,46796.78,20804.211,4231
2012,43615.17,18996.65,4231
1989,22154.55,17866.572,4000
1990,25077.03,19186.711,4000
1991,26568.62,19507.063,4000
1992,26825.1,19119.814,4000
1993,23336.04,16149.508,4000
1994,23729.08,16011.525,4000
1995,26255.31,17227.895,4000
1996,27280.43,17387.146,4000
1997,27479.36,17121.096,4000
1998,30355.48,18622.994,4000
1999,31678.6,19014.766,4000
2000,31094.08,18056.957,4000
2001,27879.06,15741.987,4000
2002,31106.72,17291.119,4000
2003,38026.1,20666.357,4000
2004,45602.99,24141.34,4000
2005,55590.44,28464.127,4000
2006,55786.89,27672.068,4000
2007,66390.2,32019.658,4000
2008,53354.2,24780.984,4000
2009,37933.65,17681.635,4000
2010,39556.32,18140.439,4000
2011,44163.99,19633.764,4000
2012,42725.04,18608.953,4000
1989,23805.28,19197.807,4039
1990,27677.12,21176.068,4039
1991,27996.21,20555.221,4039
1992,29842.34,21270.377,4039
1993,27323.22,18908.803,4039
1994,28635.64,19322.295,4039
1995,34078.34,22361.117,4039
1996,36459.94,23237.695,4039
1997,35851.38,22337.309,4039
1998,34036.02,20880.994,4039
1999,35554.23,21341.074,4039
2000,37390.55,21713.443,4039
2001,37819.98,21355.154,4039
2002,42206.93,23461.33,4039
2003,49176.47,26726.342,4039
2004,56537.85,29930.043,4039
2005,65646.21000000001,33613.008,4039
2006,72784.95,36103.645,4039
2007,83335.71000000001,40192.391,4039
2008,94815.85000000001,44038.332,4039
2009,78231.37,36465.211,4039
2010,85764.72,39331.508,4039
2011,98664.44,43862.758,4039
2012,99170.2,43193.727,4039
1989,23805.06,19197.629,4010
1990,28273.05,21632.021,4010
1991,29645.84,21766.402,4010
1992,30523.05,21755.559,4010
1993,23102.87,15988.145,4010
1994,24675.35,16650.033,4010
1995,28705.08,18835.355,4010
1996,31257.62,19922.002,4010
1997,28615.37,17828.891,4010
1998,28768.35,17649.295,4010
1999,29206.66,17531.008,4010
2000,27835.73,16164.768,4010
2001,25519.75,14409.797,4010
2002,28069.13,15602.63,4010
2003,35062.93,19055.939,4010
2004,40181.34,21271.223,4010
2005,40958.21,20971.945,4010
2006,43790.68,21721.566,4010
2007,50366.61,24291.561,4010
2008,52521.66,24394.301,4010
2009,43442.55,20249.443,4010
2010,49180.46,22554.049,4010
2011,56523.12,25128.201,4010
2012,54814.8,23874.666,4010
1989,23486.11,18940.412,4050
1990,27854.86,21312.059,4050
1991,25006.32,18360,4050
1992,21920.3,15623.877,4050
1993,17223.04,11919.059,4050
1994,19822.5,13375.506,4050
1995,25592.36,16792.889,4050
1996,25013.86,15942.551,4050
1997,23928.37,14908.642,4050
1998,25184.63,15450.693,4050
1999,25234.25,15146.608,4050
2000,23576.21,13691.179,4050
2001,24013.85,13559.486,4050
2002,26057.31,14484.331,4050
2003,31528.53,17135.07,4050
2004,36151.81,19138.068,4050
2005,37316.14,19107.086,4050
2006,39443.69,19565.322,4050
2007,46501.68,22427.525,4050
2008,51302.5,23828.049,4050
2009,44848.61,20904.836,4050
2010,44118.26,20232.535,4050
2011,48605.15,21608.148,4050
2012,45634.93,19876.361,4050
1989,17309.05,13958.911,4330
1990,21511.83,16458.938,4330
1991,22259.58,16343.304,4330
1992,24678.01,17589.459,4330
1993,23847.2,16503.252,4330
1994,25439.4,17165.588,4330
1995,30043.89,19713.84,4330
1996,29497.01,18799.881,4330
1997,26113.72,16270.23,4330
1998,26780.11,16429.516,4330
1999,26598.11,15965.252,4330
2000,24044.5,13963.124,4330
2001,23854.31,13469.401,4330
2002,25769.47,14324.331,4330
2003,31340.72,17033,4330
2004,35720.1,18909.529,4330
2005,37143.21,19018.539,4330
2006,39339.41,19513.596,4330
2007,45245.56,21821.705,4330
2008,49915,23183.607,4330
2009,46003.57,21443.188,4330
2010,45111.55,20688.057,4330
2011,49444.29,21981.201,4330
2012,46642.88,20315.375,4330
1989,28863.83,23277.281,4419
1990,36564.25,27975.709,4419
1991,36540.67,26828.686,4419
1992,37559.36,26770.748,4419
1993,36184.71,25041.32,4419
1994,39707.59,26793.246,4419
1995,46157.58,30287.127,4419
1996,44184.22,28160.754,4419
1997,38450.5,23956.697,4419
1998,39304.06,24112.92,4419
1999,38399.27,23048.781,4419
2000,35739.31,20754.535,4419
2001,36488.59,20603.383,4419
2002,39506.2,21960.09,4419
2003,45746.13,24862.027,4419
2004,50818.24,26902.193,4419
2005,51888.75,26568.74,4419
2006,54321.34,26945.109,4419
2007,59998.62,28937.031,4419
2008,69049.02,32070.627,4419
2009,65442.05,30503.852,4419
2010,69771.89,31997.232,4419
2011,82834.72,36825.418,4419
2012,78880.92999999999,34356.703,4419
1999,31493.296875,18903.539,4751
2000,28224.203125,16390.361,4751
2001,29354.55078125,16575.127,4751
2002,31268.466796875,17381.027,4751
2003,39375.23046875,21399.582,4751
2004,45597.515625,24138.441,4751
2005,47035.65625,24083.797,4751
2006,49682.09375,24643.895,4751
2007,56489.5,27244.6,4751
2008,62993.3671875,29258.008,4751
1989,2810.15,2266.25,4890
1990,3862.75,2955.4324,4890
1991,3795.75,2786.8943,4890
1992,3920.7,2794.5117,4890
1993,4373.52,3026.6572,4890
1994,3115,2101.8894,4890
1995,3961.64,2599.5015,4890
1996,4167.43,2656.106,4890
1997,4281.13,2667.3706,4890
1998,4310.68,2644.5889,4890
1999,3941.7,2365.9663,4890
2000,4148.66,2409.2102,4890
2001,3009.34,1699.2321,4890
2002,3522.76,1958.1769,4890
2003,4531.1,2462.5542,4890
2004,5790.59,3065.4263,4890
2005,7044.1,3606.8098,4890
2006,7650.66,3794.9702,4890
2007,9216.549999999999,4445.0952,4890
2008,10272.53,4771.1973,4890
2009,8529.77,3975.897,4890
2010,10015.27,4592.9805,4890
2011,10477.01,4657.7119,4890
2012,10526.8,4584.9634,4890
1993,1145.29,792.5882,4470
1994,1641.19,1107.4156,4470
1995,2609.58,1712.3229,4470
1996,3317.06,2114.1238,4470
1997,3596.63,2240.8909,4470
1998,4021.33,2467.0737,4470
1999,4147.08,2489.2437,4470
2000,4151.15,2410.6563,4470
2001,4568.35,2579.5313,4470
2002,5397.58,3000.3225,4470
2003,7273.07,3952.7554,4470
2004,8914.16,4718.9839,4470
2005,10333.63,5291.1572,4470
2006,12510.63,6205.6694,4470
2007,16404.5,7911.8071,4470
2008,17800.95,8267.8604,4470
2009,14522.92,6769.4243,4470
2010,14237.81,6529.4277,4470
2011,16836.13,7484.7539,4470
2012,16720.16,7282.4902,4470
1992,582.08,414.88239,4490
1993,928.28,642.40826,4490
1994,1584.66,1069.2712,4490
1995,1988.82,1305,4490
1996,2293.81,1461.9568,4490
1997,2568.52,1600.324,4490
1998,2858.36,1753.5951,4490
1999,3056.42,1834.5858,4490
2000,3264.81,1895.9408,4490
2001,3493.18,1972.4336,4490
2002,3974.67,2209.3774,4490
2003,4847.76,2634.6521,4490
2004,6033.31,3193.9175,4490
2005,7084.34,3627.4141,4490
2006,8911.82,4420.5454,4490
2007,12971.07,6255.8813,4490
2008,15262.65,7088.917,4490
2009,11953.72,5571.8687,4490
2010,11364.95,5211.9409,4490
2011,13728.02,6102.9971,4490
2012,13899.89,6054.1177,4490
1999,3113.15,1868.6375,4510
2000,3286.36,1908.4553,4510
2001,3510.15,1982.0157,4510
2002,4104.12,2281.3342,4510
2003,5413.15,2941.9292,4510
2004,6594.32,3490.9053,4510
2005,7644.31,3914.1372,4510
2006,8909.56,4419.4243,4510
2007,11647.88,5617.7134,4510
2008,14139.73,6567.3633,4510
2009,11094.68,5171.4531,4510
2010,11127.45,5103.0239,4510
2011,14148.4,6289.8833,4510
2012,14009.01,6101.645,4510
1989,1768.61,1426.2983,4550
1990,1625.84,1243.948,4550
1991,2101.35,1542.8414,4550
1992,2311.09,1647.2488,4550
1993,2347.12,1624.3044,4550
1994,2687.41,1813.3671,4550
1995,3605.31,2365.689,4550
1996,4057.58,2586.0933,4550
1997,4065.33,2532.9158,4550
1998,4448.94,2729.4111,4550
1999,4339.24,2604.5859,4550
2000,4475.91,2599.251,4550
2001,4977.81,2810.7339,4550
2002,5182.89,2880.9841,4550
2003,5672.93,3083.114,4550
2004,6625.21,3507.2578,4550
2005,7962.95,4077.2913,4550
2006,8954.31,4441.6221,4550
2007,11155.83,5380.4004,4550
2008,13890.16,6451.4478,4550
2009,11313.67,5273.5283,4550
2010,12308.93,5644.8477,4550
2011,13383.56,5949.8623,4550
2012,12709.27,5535.541,4550
1995,5592.28,3669.4753,4351
1996,6287.48,4007.3171,4351
1997,5768.12,3593.8442,4351
1998,6200.85,3804.2024,4351
1999,6041.6,3626.4106,4351
2000,5721.18,3322.4043,4351
2001,6270.45,3540.6267,4351
2002,7683.91,4271.2119,4351
2003,9339.41,5075.7661,4351
2004,11161.65,5908.7612,4351
2005,12725.94,6516.0981,4351
2006,14474,7179.5635,4351
2007,17544.02,8461.3926,4351
2008,21715.05,10085.81,4351
2009,18837.96,8780.751,4351
2010,18891.89,8663.7783,4351
2011,20603.29,9159.502,4351
2012,18624.3,8111.8413,4351
1993,2527.32,1749.0104,4359
1994,2899.77,1956.6599,4359
1995,3650.44,2395.302,4359
1996,3934.2,2507.4573,4359
1997,3971.91,2474.7102,4359
1998,4177.29,2562.7546,4359
1999,3822.03,2294.1357,4359
2000,3809.03,2211.9802,4359
2001,3925.97,2216.8096,4359
2002,4557.59,2533.4021,4359
2003,6186.78,3362.3804,4359
2004,7867.02,4164.6479,4359
2005,8918.530000000001,4566.5796,4359
2006,10375.36,5146.5078,4359
2007,13937.6,6722.0342,4359
2008,17552.81,8152.6084,4359
2009,16167.98,7536.2197,4359
2010,16120.6,7392.8711,4359
2011,17831.91,7927.4429,4359
2012,17007.84,7407.7896,4359
1989,2855.53,2302.8467,4370
1990,3250.63,2487.0928,4370
1991,3287.86,2413.9941,4370
1992,3663.94,2611.5039,4370
1993,3799.05,2629.1003,4370
1994,4091.42,2760.7422,4370
1995,4408.84,2892.9397,4370
1996,4450.22,2836.3418,4370
1997,4517.35,2814.5483,4370
1998,4664.55,2861.687,4370
1999,4706.43,2824.988,4370
2000,4537.82,2635.2034,4370
2001,5168.72,2918.5317,4370
2002,6524.77,3626.8875,4370
2003,8236.870000000001,4476.5596,4370
2004,10074.7,5333.3511,4370
2005,10925.11,5594.0142,4370
2006,11166.95,5539.1616,4370
2007,13519.92,6520.5889,4370
2008,15352.9,7130.8345,4370
2009,12625.81,5885.1436,4370
2010,12777.74,5859.8433,4370
2011,13916.32,6186.7085,4370
2012,12652.04,5510.6147,4370
1989,2293.82,1849.8549,4850
1990,1631.94,1248.6152,4850
1991,1233,905.28638,4850
1992,839.92,598.66003,4850
1993,1137.13,786.94116,4850
1994,1305.21,880.7085,4850
1995,1548.97,1016.3846,4850
1996,1550.5,988.20911,4850
1997,1557.48,970.39252,4850
1998,1868.29,1146.1902,4850
1999,1586.44,952.24487,4850
2000,1671.53,970.69104,4850
2001,1817.91,1026.4878,4850
2002,2061.24,1145.7699,4850
2003,2742.19,1490.3207,4850
2004,3502.87,1854.3516,4850
2005,4589.37,2349.9077,4850
2006,5686.89,2820.8779,4850
2007,7916.74,3818.2036,4850
2008,9496.9,4410.9468,4850
2009,7649.49,3565.5808,4850
2010,7683.84,3523.792,4850
2011,8539.549999999999,3796.385,4850
2012,7939.3,3457.9739,4850
1989,5449.81,4395.0078,4870
1990,2422.35,1853.3666,4870
1991,239.51,175.85168,4870
1992,981.88,699.8432,4870
1993,538.52,372.67819,4870
1994,956.59,645.47235,4870
1995,1617.78,1061.5355,4870
1996,1232.72,785.67249,4870
1997,1300.59,810.33643,4870
1998,1622.99,995.6994,4870
1999,1647.47,988.87756,4870
2000,1588.37,922.39838,4870
2001,1758.27,992.81195,4870
2002,2042.61,1135.4142,4870
2003,2654.15,1442.4728,4870
2004,3261.87,1726.7709,4870
2005,3753.28,1921.8022,4870
2006,4329.16,2147.4009,4870
2007,5520.39,2662.4561,4870
2008,6854.99,3183.8806,4870
2009,6432.5,2998.3174,4870
2010,6374.12,2923.1572,4870
2011,7311.8,3250.5703,4870
2012,7006.25,3051.5825,4870
1989,817.91,659.60486,4810
1990,654.23,500.55856,4810
1991,399.67,293.44348,4810
1992,255.37,182.01711,4810
1993,444.45,307.57785,4810
1994,732.97,494.58163,4810
1995,893.56,586.3255,4810
1996,983.76,626.99811,4810
1997,711.17,443.09656,4810
1998,891.4,546.87115,4810
1999,1106.53,664.18365,4810
2000,1190.13,691.13239,4810
2001,1322.59,746.80408,4810
2002,1433.69,796.93726,4810
2003,1847.21,1003.9185,4810
2004,2350.9,1244.521,4810
2005,2613.8,1338.3512,4810
2006,2860.47,1418.8839,4810
2007,3384.08,1632.1246,4810
2008,4086.61,1898.074,4810
2009,3799.5,1771.0232,4810
2010,3660.5,1678.6971,4810
2011,3964.68,1762.558,4810
2012,3870.34,1685.7323,4810
1992,415.01,295.80185,4623
1993,652.9,451.83389,4623
1994,710.71,479.5614,4623
1995,721.41,473.36615,4623
1996,875.87,558.23456,4623
1997,995.0700000000001,619.98132,4623
1998,838.1,514.17175,4623
1999,637.42,382.60504,4623
2000,636.5,369.62833,4623
2001,781.06,441.02765,4623
2002,878.77,488.47696,4623
2003,1048.3,569.72827,4623
2004,1367.74,724.05505,4623
2005,1829.76,936.89703,4623
2006,2304.92,1143.3135,4623
2007,3071.49,1481.3641,4623
2008,3899.27,1811.0616,4623
2009,2550.45,1188.8159,4623
2010,2979.67,1366.47,4623
2011,3583.97,1593.3076,4623
2012,3877.28,1688.755,4623
1992,196.26,139.88596,4641
1993,252.36,174.64359,4641
1994,320.92,216.54521,4641
1995,331.67,217.63124,4641
1996,391.1,249.26707,4641
1997,446.59,278.24921,4641
1998,464.11,284.73007,4641
1999,321.03,192.69508,4641
2000,353.56,205.3194,4641
2001,407.39,230.03387,4641
2002,458.11,254.64703,4641
2003,547.37,297.4837,4641
2004,720.17,381.24405,4641
2005,830,424.98718,4641
2006,949.4500000000001,470.95734,4641
2007,1228.99,592.73566,4641
2008,1694.74,787.14185,4641
2009,1524.24,710.47882,4641
2010,1631.28,748.10138,4641
2011,1971.04,876.25537,4641
2012,2037.35,887.37079,4641
1992,575.99,410.54169,4621
1993,1238.65,857.1972,4621
1994,1864.66,1258.2051,4621
1995,2113.63,1386.8964,4621
1996,2641.77,1683.7286,4621
1997,2739.83,1707.0592,4621
1998,1837.54,1127.3252,4621
1999,1333.61,800.48621,4621
2000,1775.13,1030.8536,4621
2001,2095.58,1183.275,4621
2002,2376.9,1321.2341,4621
2003,2967.51,1612.7771,4621
2004,4096.86,2168.7983,4621
2005,5310.88,2719.3445,4621
2006,6912.93,3429.0327,4621
2007,9101.56,4389.6362,4621
2008,11630.58,5401.9595,4621
2009,8567.940000000001,3993.6887,4621
2010,10671.21,4893.793,4621
2011,13335.23,5928.3765,4621
2012,14302.09,6229.2964,4621
1992,9449.32,6735.082,4792
1993,8193.16,5670.0068,4792
1994,8301.290000000001,5601.4102,4792
1995,10536.56,6913.7534,4792
1996,10649.62,6787.521,4792
1997,10307.92,6422.3799,4792
1998,11004.33,6751.1226,4792
1999,11306.08,6786.3623,4792
2000,10103.1,5867.0732,4792
2001,10312.22,5822.8232,4792
2002,11627.36,6463.2354,4792
2003,14630.9,7951.5762,4792
2004,16965.35,8981.1279,4792
2005,17908.15,9169.5596,4792
2006,19458.93,9652.2471,4792
2007,23585.24,11375.042,4792
2008,27266.56,12664.273,4792
2009,24273.81,11314.51,4792
2010,23001.88,10548.61,4792
2011,24534.03,10906.971,4792
2012,22100.12,9625.7393,4792
1992,2555.92,1821.7534,4791
1993,2771.42,1917.9376,4791
1994,3789.44,2556.9771,4791
1995,4967.4,3259.449,4791
1996,5202.56,3315.8447,4791
1997,4400.42,2741.6946,4791
1998,4804.41,2947.4907,4791
1999,4371.42,2623.9016,4791
2000,4911.39,2852.1428,4791
2001,5191.68,2931.4963,4791
2002,5974.24,3320.8674,4791
2003,7689.22,4178.9238,4791
2004,9238.75,4890.8154,4791
2005,10082.16,5162.396,4791
2006,11231.26,5571.0615,4791
2007,13385.75,6455.8794,4791
2008,15694.08,7289.2993,4791
2009,14055.59,6551.5923,4791
2010,13321.89,6109.3892,4791
2011,14021.39,6233.4189,4791
2012,12829.45,5587.8857,4791
1998,1445.3,886.68713,4793
1999,1547.96,929.14764,4793
2000,1468.88,853.00812,4793
2001,1522.83,859.87012,4793
2002,1753.11,974.49146,4793
2003,2197.05,1194.049,4793
2004,2611.8,1382.6364,4793
2005,2793.31,1430.2662,4793
2006,3190.92,1582.7976,4793
2007,3927.59,1894.2568,4793
2008,4767.95,2214.5303,4793
2009,4403.02,2052.3359,4793
2010,4304.68,1974.1167,4793
2011,4689.53,2084.8008,4793
2012,4461.17,1943.0691,4793
1992,1201.75,856.55737,4794
1993,1315.55,910.41522,4794
1994,1734.75,1170.5465,4794
1995,2269.84,1489.3964,4794
1996,2232.71,1423.0148,4794
1997,1883.1,1173.271,4794
1998,1795.93,1101.7976,4794
1999,1837.04,1102.665,4794
2000,1785.93,1037.1255,4794
2001,1704.52,962.46185,4794
2002,1861.29,1034.6249,4794
2003,2353.44,1279.0435,4794
2004,2717.25,1438.4596,4794
2005,2943.97,1507.4091,4794
2006,3127.21,1551.1954,4794
2007,3997.87,1928.1525,4794
2008,4827.83,2242.3423,4794
2009,4548.13,2119.9746,4794
2010,4551.69,2087.3948,4794
2011,5122.04,2277.0796,4794
2012,4660.05,2029.6917,4794
1998,2038.97,1250.9019,4801
1999,1444.07,866.7887,4801
2000,1152.24,669.12891,4801
2001,1523.67,860.34442,4801
2002,2021.15,1123.4854,4801
2003,2617.27,1422.4293,4801
2004,3153.76,1669.5396,4801
2005,3368.46,1724.7618,4801
2006,3957.21,1962.9017,4801
2007,5304.36,2558.2661,4801
2008,6485.41,3012.2249,4801
2009,5497.17,2562.3413,4801
2010,5030.1,2306.7927,4801
2011,6030.45,2680.927,4801
2012,5309.36,2312.4995,4801
1989,953.9400000000001,769.30646,7140
1990,1073.92,821.66797,7140
1991,1135.07,833.38477,7140
1992,1138.08,811.17603,7140
1993,1052.33,728.25604,7140
1994,1170.72,789.95953,7140
1995,1250.11,820.28217,7140
1996,1364.68,869.77698,7140
1997,1223.52,762.31775,7140
1998,1440.93,884.00616,7140
1999,1407.11,844.60382,7140
2000,1300.58,755.27295,7140
2001,1308.39,738.78601,7140
2002,1384.88,769.80548,7140
2003,1687.73,917.24457,7140
2004,1908.44,1010.2912,7140
2005,1972.82,1010.1484,7140
2006,2151.72,1067.3214,7140
2007,2439.07,1176.3511,7140
2008,2850.8,1324.0875,7140
2009,2884.66,1344.5979,7140
2010,2849.85,1306.9348,7140
2011,3082.34,1370.3004,7140
2012,2955.86,1287.4292,7140
1989,1402.1,1130.7258,7230
1990,1657.94,1268.5081,7230
1991,1717.07,1260.6975,7230
1992,2004.03,1428.3892,7230
1993,1870.99,1294.8027,7230
1994,1953.46,1318.1241,7230
1995,2209.85,1450.0328,7230
1996,2365.85,1507.8713,7230
1997,2251.38,1402.729,7230
1998,2336.03,1433.1472,7230
1999,2426.34,1456.3866,7230
2000,2247.95,1305.4297,7230
2001,2286.47,1291.0615,7230
2002,2373.77,1319.4943,7230
2003,2790.1,1516.3586,7230
2004,3139.61,1662.0487,7230
2005,3217.89,1647.665,7230
2006,3394.25,1683.6558,7230
2007,3806.61,1835.9087,7230
2008,4344.92,2018.0491,7230
2009,4177.21,1947.0814,7230
2010,4199.27,1925.7759,7230
2011,4350.34,1934.0089,7230
2012,4213.15,1835.0437,7230
1989,5780.49,4661.6855,7250
1990,7069.96,5409.3042,7250
1991,7668.11,5630.0366,7250
1992,7618.17,5429.9146,7250
1993,6723.9,4653.2178,7250
1994,6143.57,4145.459,7250
1995,6846.16,4492.231,7250
1996,7338.08,4676.9155,7250
1997,7378.35,4597.1025,7250
1998,5942.99,3646.0061,7250
1999,7006.86,4205.7983,7250
2000,7315.84,4248.4551,7250
2001,6398.42,3612.8853,7250
2002,3767.06,2093.9746,7250
2003,4725.87,2568.4075,7250
2004,5837.12,3090.0583,7250
2005,8203.969999999999,4200.7012,7250
2006,9327.790000000001,4626.8799,7250
2007,11238.55,5420.2959,7250
2008,14185.66,6588.6963,7250
2009,10070.57,4694.0947,7250
2010,11728.76,5378.7832,7250
2011,5513.4,2451.0647,7250
2012,12777.78,5565.3809,7250
1989,2155.49,1738.2983,7290
1990,1779.26,1361.3314,7290
1991,878.62,645.09546,7290
1992,785.04,559.54382,7290
1993,862.41,596.82349,7290
1994,930.63,627.95544,7290
1995,1057.35,693.79926,7290
1996,1162.07,740.6438,7290
1997,1277.18,795.75079,7290
1998,1397.39,857.29449,7290
1999,1450.67,870.75031,7290
2000,1566.42,909.65155,7290
2001,1474.48,832.56915,7290
2002,1301.79,723.61871,7290
2003,1210.2,657.71741,7290
2004,1148.71,608.10486,7290
2005,1282.77,656.82025,7290
2006,1505.96,747.00397,7290
2007,1771,854.14435,7290
2008,2160.04,1003.2559,7290
2009,2452.63,1143.2201,7290
2010,2775.85,1272.9987,7290
2011,2930.12,1302.6288,7290
2012,3111.87,1355.3795,7290
1989,266.9,215.24193,7530
1990,347.63,265.97552,7530
1991,304.17,223.32599,7530
1992,266.62,190.03564,7530
1993,160.53,111.09342,7530
1994,178.95,120.74899,7530
1995,355.76,233.43832,7530
1996,431.26,274.86298,7530
1997,322.73,201.07788,7530
1998,290.68,178.33128,7530
1999,309.86,185.9904,7530
2000,389.95,226.4518,7530
2001,361.11,203.90175,7530
2002,470.7,261.64539,7530
2003,524.26,284.92392,7530
2004,662.47,350.69879,7530
2005,823.8200000000001,421.82281,7530
2006,1038.76,515.25793,7530
2007,1153.4,556.27899,7530
2008,1401.24,650.82233,7530
2009,1110.04,517.41193,7530
2010,1465.15,671.91449,7530
2011,1521.66,676.47675,7530
2012,1640.11,714.35229,7530
1989,1115.41,899.52417,7420
1990,1082.88,828.52338,7420
1991,1171.36,860.02936,7420
1992,1041.82,742.56592,7420
1993,1055.15,730.20758,7420
1994,676.83,456.70041,7420
1995,667.52,438.00528,7420
1996,742.7000000000001,473.35886,7420
1997,723.03,450.48596,7420
1998,671.52,411.97546,7420
1999,689.52,413.87756,7420
2000,596.65,346.48663,7420
2001,603.29,340.64935,7420
2002,662.99,368.53253,7420
2003,807.33,438.7663,7420
2004,909.43,481.43463,7420
2005,930.01,476.19559,7420
2006,979.05,485.63986,7420
2007,1083.72,522.67267,7420
2008,1224.38,568.67767,7420
2009,1112.7,518.65179,7420
2010,1103.39,506.01218,7420
2011,1218.59,541.74243,7420
2012,1181.3,514.51697,7420
1991,929.13,682.1806,7770
1992,934.39,665.99432,7770
1993,886.1,613.21796,7770
1994,909.39,613.62347,7770
1995,895.48,587.58533,7770
1996,864.58,551.03894,7770
1997,855.79,533.20251,7770
1998,851.68,522.50305,7770
1999,870.9400000000001,522.77313,7770
2000,871.16,505.90012,7770
2001,880.35,497.09204,7770
2002,884.0700000000001,491.42303,7770
2003,905.26,491.98914,7770
2004,934.85,494.89148,7770
2005,967.29,495.28415,7770
2006,1020.63,506.26486,7770
2007,1094.97,528.09851,7770
2008,1235.84,574.00037,7770
2009,1282.28,597.69641,7770
2010,1341.88,615.38318,7770
2011,1433.17,637.13721,7770
2012,1522.95,663.32312,7770
1989,518.42,418.08063,7790
1990,522.33,399.64041,7790
1991,478.46,351.29221,7790
1992,457.95,326.40768,7790
1993,309.76,214.36678,7790
1994,361.76,244.10257,7790
1995,448.13,294.04858,7790
1996,441.81,281.58701,7790
1997,476.34,296.78503,7790
1998,483.63,296.70554,7790
1999,442.43,265.56424,7790
2000,426.34,247.5842,7790
2001,426.35,240.73969,7790
2002,419.14,232.985,7790
2003,461.27,250.69022,7790
2004,483.44,255.92378,7790
2005,546.5700000000001,279.86176,7790
2006,637.23,316.0863,7790
2007,748.7000000000001,361.09421,7790
2008,813.05,377.63062,7790
2009,792.75,369.51669,7790
2010,811,371.92279,7790
2011,839.16,373.06116,7790
2012,966.59,420.99969,7790
1989,213.66,172.30646,7880
1990,256.07,195.92197,7880
1991,216.09,158.65639,7880
1992,235.2,167.64078,7880
1993,256.52,177.52249,7880
1994,219.91,148.38731,7880
1995,226.56,148.66142,7880
1996,277.98,177.17018,7880
1997,239.42,149.17134,7880
1998,244.99,150.30061,7880
1999,236.74,142.10085,7880
2000,239.56,139.11731,7880
2001,271.85,153.50084,7880
2002,256.48,142.5681,7880
2003,310.4,168.69565,7880
2004,240.64,127.39016,7880
2005,270.27,138.38708,7880
2006,287.87,142.79266,7880
2007,373.05,179.92012,7880
2008,465.64,216.27196,7880
2009,412.06,192.06943,7880
2010,410.01,188.02968,7880
2011,453.12,201.44128,7880
2012,451.48,196.64278,7880
1989,2187.39,1764.0242,7850
1990,2388.52,1827.4829,7850
1991,2817.5,2068.6492,7850
1992,2932.98,2090.5061,7850
1993,3296.99,2281.6538,7850
1994,3281.7,2214.3726,7850
1995,3747.47,2458.97,7850
1996,3888.58,2478.3813,7850
1997,3936.54,2452.6729,7850
1998,3789.75,2325,7850
1999,3785.55,2272.2388,7850
2000,3929.09,2281.7014,7850
2001,3845.08,2171.135,7850
2002,4000.44,2223.7021,7850
2003,4756.71,2585.1685,7850
2004,5333.97,2823.7004,7850
2005,5219.17,2672.386,7850
2006,5373.64,2665.4961,7850
2007,6160.41,2971.1345,7850
2008,7598.25,3529.0964,7850
2009,6913.69,3222.6096,7850
2010,7562.4,3468.0999,7850
2011,8725.27,3878.9497,7850
2012,8850.17,3854.7046,7850
1989,2662.24,2146.9678,7910
1990,3039.44,2325.509,7910
1991,3192.05,2343.6492,7910
1992,3389.85,2416.144,7910
1993,3315.64,2294.5605,7910
1994,3382.24,2282.2131,7910
1995,3684.84,2417.874,7910
1996,3439.25,2192.0015,7910
1997,3495.07,2177.6138,7910
1998,3100.05,1901.8712,7910
1999,3029.06,1818.1632,7910
2000,2986.51,1734.3264,7910
2001,2632.86,1486.6516,7910
2002,2445.22,1359.2107,7910
2003,3656.12,1987.0217,7910
2004,4722.68,2500.0955,7910
2005,5266.81,2696.7793,7910
2006,5511.09,2733.6755,7910
2007,5851.56,2822.1777,7910
2008,5544.53,2575.2219,7910
2009,5732.84,2672.1917,7910
2010,7244.72,3322.4124,7910
2011,7971.62,3543.9031,7910
2012,7525.39,3277.6946,7910
1989,22878.98,18450.791,1000
1990,23913.66,18296.604,1000
1991,24365.53,17889.523,1000
1992,25466.73,18151.625,1000
1993,26441.65,18298.719,1000
1994,27755.48,18728.395,1000
1995,28762.68,18873.15,1000
1996,30047.22,19150.557,1000
1997,31553.44,19659.465,1000
1998,32928.95,20201.811,1000
1999,34619.9,20780.252,1000
2000,36450.14,21167.328,1000
2001,37253.44,21035.256,1000
2002,38123.18,21191.318,1000
2003,39597.37,21520.309,1000
2004,41845.61,22152.256,1000
2005,44224.13,22644.203,1000
2006,46358.36,22995.219,1000
2007,47963.56,23132.582,1000
2008,48307.78,22437.115,1000
2009,46906.9,21864.248,1000
2010,48294.19,22147.607,1000
2011,49796.95,22137.98,1000
2012,51703.95,22519.73,1000
1989,20828.27,16796.992,1220
1990,21518.68,16464.178,1220
1991,21809.72,16013.011,1220
1992,20877.26,14880.442,1220
1993,20074.52,13892.401,1220
1994,19888.86,13420.283,1220
1995,20572.16,13498.793,1220
1996,21202.83,13513.596,1220
1997,21795.99,13580.056,1220
1998,20961.72,12859.951,1220
1999,22205.35,13328.541,1220
2000,24127.69,14011.435,1220
2001,23658.81,13359.012,1220
2002,24037.51,13361.596,1220
2003,28094.78,15268.902,1220
2004,31923.94,16899.916,1220
2005,36149.39,18509.672,1220
2006,40290.98,19985.605,1220
2007,44336.26,21383.154,1220
2008,46372.5,21538.252,1220
2009,40709.04,18975.301,1220
2010,47367.38,21722.574,1220
2011,51645.22,22959.656,1220
2012,52299.76,22779.236,1220
1989,3096.75,2497.3789,2010
1990,3586.12,2743.7798,2010
1991,4219.65,3098.1277,2010
1992,4804.19,3424.2266,2010
1993,5801.94,4015.1833,2010
1994,5964.93,4024.9189,2010
1995,3810.38,2500.2495,2010
1996,4339.67,2765.8828,2010
1997,5175.12,3224.3738,2010
1998,5332.32,3271.3621,2010
1999,6072.74,3645.1021,2010
2000,7063.98,4102.1953,2010
2001,7354.31,4152.6313,2010
2002,7436.01,4133.4131,2010
2003,7079.74,3847.6848,2010
2004,7519.94,3980.9106,2010
2005,8366.99,4284.1729,2010
2006,9166.16,4546.7061,2010
2007,9736.17,4695.7056,2010
2008,10111.47,4696.3906,2010
2009,8085.2,3768.6738,2010
2010,9158.24,4199.9482,2010
2011,10033.52,4460.5518,2010
2012,10058.5,4380.9946,2010
1989,25517.921875,20578.969,2320
1990,26841.51953125,20536.742,2320
1991,27700.30859375,20337.965,2320
1992,28669.681640625,20434.557,2320
1993,30900.6953125,21384.563,2320
1994,31476.0625,21238.908,2320
1995,33989.72265625,22302.969,2320
1996,44826.7890625,28570.295,2320
1997,48478.8828125,30204.91,2320
1998,51371.7421875,31516.406,2320
1999,54245.4609375,32560.301,2320
2000,56284.16796875,32685.348,2320
2001,58883.9609375,33248.988,2320
2002,62583.1015625,34787.719,2320
2003,66111.7265625,35930.285,2320
2004,70359.3203125,37246.863,2320
2005,75882.03125,38854.086,2320
2006,83912.6953125,41623.359,2320
2007,90849.5859375,43816.297,2320
2008,93605.75,43476.289,2320
2009,88463.3125,41234.523,2320
2010,88207.328125,40451.684,2320
2011,85973.15625,38220.656,2320
2012,85458.453125,37221.555,2320
1989,1012.37,816.42743,2050
1990,860.29,658.21735,2050
1991,1034.15,759.28784,2050
1992,1112.25,792.7655,2050
1993,1181.1,817.37024,2050
1994,1301.69,878.33331,2050
1995,1425.39,935.29535,2050
1996,1480.48,943.58197,2050
1997,1633.57,1017.8006,2050
1998,1711.32,1049.8895,2050
1999,1588.07,953.22327,2050
2000,1530.34,888.69916,2050
2001,1625.48,917.83173,2050
2002,1761.78,979.31079,2050
2003,1812.72,985.17389,2050
2004,1933.15,1023.3722,2050
2005,2140.94,1096.2314,2050
2006,2320.3,1150.9424,2050
2007,2554.52,1232.0321,2050
2008,2859.65,1328.198,2050
2009,2690.09,1253.9049,2050
2010,2875.31,1318.6107,2050
2011,3236.13,1438.6702,2050
2012,3325.68,1448.5048,2050
1989,1293.51,1043.1532,2150
1990,741.75,567.52106,2150
1991,726.06,533.08368,2150
1992,787.39,561.21881,2150
1993,786.22,544.09686,2150
1994,750.35,506.30905,2150
1995,844.87,554.37665,2150
1996,850.5,542.06506,2150
1997,961.24,598.90344,2150
1998,1049.81,644.05524,2150
1999,1059.55,635.98438,2150
2000,1152.64,669.36121,2150
2001,1195.55,675.07056,2150
2002,1203.48,668.97168,2150
2003,1235.05,671.22284,2150
2004,1304.47,690.56116,2150
2005,1408.11,720.99841,2150
2006,1545.94,766.83533,2150
2007,1715.99,827.61328,2150
2008,1889.8,877.73981,2150
2009,1946.04,907.08826,2150
2010,2071.08,949.79266,2150
2011,2269.51,1008.9447,2150
2012,2331.15,1015.3358,2150
1989,576.13,464.62097,2110
1990,861.29,658.98242,2110
1991,946.29,694.77972,2110
1992,1053.71,751.04065,2110
1993,1219.29,843.79926,2110
1994,1411.23,952.24695,2110
1995,1646.81,1080.584,2110
1996,1775.82,1131.8165,2110
1997,1903.71,1186.1122,2110
1998,2039.01,1250.9264,2110
1999,2101.97,1261.6866,2110
2000,2203.71,1279.7386,2110
2001,2305.96,1302.0667,2110
2002,2380.48,1323.2241,2110
2003,2495.31,1356.1467,2110
2004,2611.29,1382.3663,2110
2005,2816.11,1441.9406,2110
2006,3041.1,1508.4822,2110
2007,3285.11,1584.392,2110
2008,3484.72,1618.519,2110
2009,3343.2,1558.3326,2110
2010,3443.46,1579.1631,2110
2011,3696.33,1643.2589,2110
2012,3788,1649.8689,2110
2000,4185.26,2430.4646,2230
2001,4198.78,2370.8525,2230
2002,4213.35,2342.0513,2230
2003,4284.31,2328.4292,2230
2004,4449.97,2355.728,2230
2005,4679.81,2396.2161,2230
2006,5173.93,2566.4336,2230
2007,5924.24,2857.231,2230
2008,6582.14,3057.1521,2230
2009,6359.23,2964.1648,2230
2010,7956.52,3648.8423,2230
2011,8891.780000000001,3952.9741,2230
2012,9665.030000000001,4209.6182,2230
1989,15936.54,12852.048,2360
1990,14944.42,11434.14,2360
1991,14605.83,10723.811,2360
1992,14064.78,10024.79,2360
1993,13654.5,9449.4805,2360
1994,14255.06,9618.7988,2360
1995,14599.05,9579.4297,2360
1996,15163.1,9664.1816,2360
1997,17205.5,10719.938,2360
1998,18246.6,11194.233,2360
1999,20202.51,12126.356,2360
2000,20894.31,12133.746,2360
2001,21200.7,11971.033,2360
2002,22310.51,12401.618,2360
2003,21970.8,11940.652,2360
2004,22124.06,11712.049,2360
2005,23714.44,12142.57,2360
2006,24215.2,12011.508,2360
2007,24987.84,12051.509,2360
2008,24481.89,11370.901,2360
2009,22952.5,10698.621,2360
2010,22895.42,10499.788,2360
2011,22598.04,10046.298,2360
2012,23133.16,10075.682,2360
1989,1277.82,1030.5,2470
1990,1166.21,892.28009,2470
1991,1404.34,1031.0867,2470
1992,1611.67,1148.7313,2470
1993,1768.14,1223.6262,2470
1994,1898.15,1280.803,2470
1995,2052.67,1346.8964,2470
1996,2210.62,1408.9357,2470
1997,2455.39,1529.838,2470
1998,2564.03,1573.0245,2470
1999,2641.34,1585.4381,2470
2000,2862.8,1662.4855,2470
2001,2914.3,1645.5675,2470
2002,2909.36,1617.2096,2470
2003,2318.37,1259.9836,2470
2004,2430.18,1286.4902,2470
2005,3712.24,1900.7885,2470
2006,3879.11,1924.1616,2470
2007,4378.36,2111.6609,2470
2008,4776.56,2218.5293,2470
2009,4815.83,2244.7549,2470
2010,5233.14,2399.9063,2470
2011,5535.34,2460.8184,2470
2012,5766.16,2511.4595,2470
1989,8028.81,6474.8467,2720
1990,8052.45,6161.0181,2720
1991,8086.23,5937.0264,2720
1992,7787.82,5550.834,2720
1993,8256.389999999999,5713.7646,2720
1994,8142.83,5494.4873,2720
1995,8557.299999999999,5615.0264,2720
1996,9130.950000000001,5819.5991,2720
1997,9593.57,5977.3022,2720
1998,10770.99,6607.9692,2720
1999,11270.19,6764.8198,2720
2000,11592.36,6731.9165,2720
2001,11531.58,6511.3379,2720
2002,11700.86,6504.0913,2720
2003,12044.27,6545.7988,2720
2004,12870.2,6813.2349,2720
2005,14233.78,7288.1616,2720
2006,15744.71,7809.876,2720
2007,16429.74,7923.9805,2720
2008,16496.73,7662.0996,2720
2009,16645.99,7759.0298,2720
2010,16029.8,7351.2305,2720
2011,15756.13,7004.624,2720
2012,15198.72,6619.8247,2720
2000,6459.57,3751.2021,2740
2001,6966.27,3933.5234,2740
2002,7061.43,3925.1975,2740
2003,8815.540000000001,4791.0542,2740
2004,10289.65,5447.1416,2740
2005,12346.44,6321.7817,2740
2006,14152.47,7020.0742,2740
2007,16607.11,8009.5249,2740
2008,21297.87,9892.0459,2740
2009,14636.35,6822.2964,2740
2010,15627.65,7166.8052,2740
2011,17822.6,7923.3042,2740
2012,19373.22,8438.0342,2740
1994,17342.47265625,11702.073,2779
1995,16441.380859375,10788.309,2779
1996,16586.19140625,10571.188,2779
1997,17927.412109375,11169.727,2779
1998,19081.5703125,11706.485,2779
1999,19356.419921875,11618.499,2779
2000,20619.56640625,11974.196,2779
2001,20671.544921875,11672.244,2779
2002,20433.654296875,11358.341,2779
2003,20834.939453125,11323.337,2779
2004,22566.681640625,11946.364,2779
2005,23302.83203125,11931.813,2779
2006,24015.419921875,11912.41,2779
2007,25921.5390625,12501.827,2779
2008,27549.888671875,12795.869,2779
2009,24640.421875,11485.395,2779
2010,24289.140625,11138.945,2779
2011,25353.787109375,11271.406,2779
1989,1641.85,1324.0725,3010
1990,1638.97,1253.9939,3010
1991,1644.09,1207.1145,3010
1992,1926.1,1372.8439,3010
1993,2140.21,1481.1141,3010
1994,2642.68,1783.1849,3010
1995,2942.08,1930.4988,3010
1996,3134.98,1998.0753,3010
1997,2906.21,1810.7228,3010
1998,2770.85,1699.908,3010
1999,2429.31,1458.1693,3010
2000,2479.97,1440.1685,3010
2001,2406.64,1358.9159,3010
2002,2366.9,1315.6754,3010
2003,2262.95,1229.8641,3010
2004,2803.95,1484.3568,3010
2005,3417.82,1750.0358,3010
2006,3702.09,1836.3541,3010
2007,4793.63,2311.9436,3010
2008,5292.55,2458.187,3010
2009,5149.15,2400.1221,3010
2010,6273.01,2876.7883,3010
2011,7182.36,3193.0259,3010
2012,7919.17,3449.2061,3010
1989,2378.22,1917.9193,3070
1990,2493.01,1907.4293,3070
1991,2685.37,1971.6373,3070
1992,2968.58,2115.8804,3070
1993,2876.16,1990.4221,3070
1994,2742.05,1850.2362,3070
1995,3559.87,2335.8728,3070
1996,3174.72,2023.4036,3070
1997,3785.32,2358.4548,3070
1998,3948.84,2422.6013,3070
1999,4152.69,2492.6111,3070
2000,4868.85,2827.439,3070
2001,5008.44,2828.0293,3070
2002,3712.94,2063.8911,3070
2003,3274.42,1779.576,3070
2004,4327.25,2290.7625,3070
2005,5495.23,2813.7378,3070
2006,6837.15,3391.4434,3070
2007,8443.26,4072.1416,3070
2008,11379.94,5285.5464,3070
2009,11688.78,5448.375,3070
2010,10324.06,4734.5908,3070
2011,10886.05,4839.5566,3070
2012,12917.52,5626.2446,3070
1989,1220.13,983.97577,3310
1990,1210.42,926.10565,3310
1991,1327.52,974.68433,3310
1992,1419.45,1011.7249,3310
1993,1622.85,1123.0796,3310
1994,1917.41,1293.799,3310
1995,2043.34,1340.7743,3310
1996,2101.9,1339.6432,3310
1997,2324.87,1448.5171,3310
1998,2329.65,1429.2332,3310
1999,1649.6,990.15607,3310
2000,1508.31,875.90594,3310
2001,1971.96,1113.4727,3310
2002,2254.87,1253.402,3310
2003,2525.33,1372.4619,3310
2004,2808.91,1486.9825,3310
2005,3140.91,1608.2488,3310
2006,3490.61,1731.4534,3310
2007,3749.19,1808.2153,3310
2008,4473.93,2077.9692,3310
2009,4464.1,2080.8066,3310
2010,4752.81,2179.6282,3310
2011,5324.55,2367.1086,3310
2012,5742.65,2501.2197,3310
1989,1952.82,1574.8549,3330
1990,1331.72,1018.9136,3330
1991,1557.49,1143.5316,3330
1992,1599.87,1140.3208,3330
1993,1542.74,1067.6401,3330
1994,1956.72,1320.3239,3330
1995,2302.93,1511.109,3330
1996,2361.12,1504.8567,3330
1997,2459.8,1532.5857,3330
1998,2324.91,1426.3252,3330
1999,2078,1247.299,3330
2000,2116.95,1229.3553,3330
2001,2107.94,1190.254,3330
2002,2184.22,1214.1301,3330
2003,2324.51,1263.3207,3330
2004,2600.53,1376.6703,3330
2005,2916.68,1493.4357,3330
2006,3340.24,1656.8651,3330
2007,3800.44,1832.933,3330
2008,4427.11,2056.2231,3330
2009,4362.46,2033.4302,3330
2010,5204.83,2386.9233,3330
2011,5943.85,2642.4277,3330
2012,6525.36,2842.1301,3330
1989,3058.46,2466.5,3510
1990,3113.03,2381.8135,3510
1991,2683.78,1970.47,3510
1992,2529.35,1802.8154,3510
1993,2793.36,1933.1211,3510
1994,3428.43,2313.3806,3510
1995,4755.95,3120.7021,3510
1996,5111.6,3257.8716,3510
1997,5222.8,3254.0811,3510
1998,4982.75,3056.9019,3510
1999,3413.6,2048.9795,3510
2000,3696.33,2146.5332,3510
2001,3133.16,1769.1473,3510
2002,2822.49,1568.9218,3510
2003,3041.2,1652.826,3510
2004,3609.73,1910.9211,3510
2005,4742.5,2428.3154,3510
2006,5795.2,2874.603,3510
2007,7201.62,3473.3049,3510
2008,8632.719999999999,4009.5681,3510
2009,8395.030000000001,3913.0918,3510
2010,10992.27,5041.0303,3510
2011,12583.64,5594.2456,3510
2012,11358.54,4947.2285,3510
1989,2327.48,1877,3370
1990,2545.46,1947.5594,3370
1991,2876.74,2112.144,3370
1992,3442.28,2453.5139,3370
1993,3618.89,2504.4221,3370
1994,4103.67,2769.0081,3370
1995,5199.27,3411.5947,3370
1996,5322.6,3392.3521,3370
1997,5734.23,3572.729,3370
1998,5437.33,3335.7854,3370
1999,4951.66,2972.1848,3370
2000,5065.26,2941.4983,3370
2001,4578.24,2585.1157,3370
2002,4452.59,2475.0364,3370
2003,4780.29,2597.9836,3370
2004,6169.16,3265.834,3370
2005,7565.31,3873.6865,3370
2006,9414.66,4669.9702,3370
2007,10426.27,5028.5371,3370
2008,10709.21,4974.0181,3370
2009,10166.62,4738.8657,3370
2010,12712.54,5829.9424,3370
2011,14551.69,6469.1719,3370
2012,15410.12,6711.9004,3370
1989,739.11,596.05646,3350
1990,747.26,571.73682,3350
1991,803.53,589.96332,3350
1992,831.26,592.48755,3350
1993,821.25,568.33905,3350
1994,831.23,560.88397,3350
1995,907.17,595.25592,3350
1996,970.52,618.55963,3350
1997,1012.97,631.13397,3350
1998,1056.03,647.87115,3350
1999,1004.4,602.88116,3350
2000,994.88,577.74683,3350
2001,945.61,533.94128,3350
2002,897.29,498.77158,3350
2003,896.64,487.30435,3350
2004,952.12,504.03391,3350
2005,1015.48,519.95905,3350
2006,1196.61,593.55652,3350
2007,1344.81,648.59503,3350
2008,1674.59,777.78296,3350
2009,1707.62,795.95593,3350
2010,1897.73,870.29474,3350
2011,2269.35,1008.8736,3350
2012,2514.32,1095.1157,3350
1989,2868.56,2313.3547,3550
1990,3319.18,2539.541,3550
1991,3976.87,2919.8752,3550
1992,4542.97,3238.04,3550
1993,5260.67,3640.6021,3550
1994,6070.22,4095.9648,3550
1995,6661.87,4371.3062,3550
1996,7038.55,4486.0107,3550
1997,7362.67,4587.3335,3550
1998,7756.84,4758.7974,3550
1999,7295.82,4379.2437,3550
2000,6917.14,4016.9221,3550
2001,6319.55,3568.3511,3550
2002,4120.39,2290.3782,3550
2003,3652.77,1985.201,3550
2004,4151.89,2197.9302,3550
2005,5263.1,2694.8796,3550
2006,5919.56,2936.2896,3550
2007,7058.13,3404.1003,3550
2008,9107.889999999999,4230.2661,3550
2009,9037.379999999999,4212.5039,3550
2010,11573.14,5307.416,3550
2011,13784.56,6128.1328,3550
2012,14766.83,6431.7144,3550
1989,2584.99,2084.6694,3570
1990,4379.5,3350.8035,3570
1991,5796.41,4255.8076,3570
1992,6900.12,4918.1182,3570
1993,7028.62,4864.0967,3570
1994,7576.83,5112.5708,3570
1995,7531.45,4941.8965,3570
1996,7862.15,5010.9307,3570
1997,8381.06,5221.8442,3570
1998,8478.200000000001,5201.3496,3570
1999,7970.2,4784.0337,3570
2000,7917.15,4597.6479,3570
2001,7417.62,4188.3794,3570
2002,2656.23,1476.5037,3570
2003,3439.37,1869.2228,3570
2004,4048.33,2143.1074,3570
2005,4781.86,2448.469,3570
2006,5540.64,2748.3333,3570
2007,6705.04,3233.8069,3570
2008,8270.209999999999,3841.196,3570
2009,7707.99,3592.8489,3570
2010,9162.209999999999,4201.769,3570
2011,10958.9,4871.9434,3570
2012,11582.48,5044.7661,3570
1989,7858.91,6337.8306,4910
1990,9428.030000000001,7213.4893,4910
1991,9476.93,6958.0986,4910
1992,11064.83,7886.5503,4910
1993,10322.07,7143.3008,4910
1994,11398.57,7691.3428,4910
1995,14011.84,9194.1211,4910
1996,13922.15,8873.2637,4910
1997,13056.25,8134.7349,4910
1998,13829.8,8484.54,4910
1999,13996.55,8401.29,4910
2000,13185.64,7657.166,4910
2001,13615.2,7687.8599,4910
2002,14676.35,8158.0605,4910
2003,18226.81,9905.875,4910
2004,21360.22,11307.687,4910
2005,22742.03,11644.664,4910
2006,24305.65,12056.374,4910
2007,28039.01,13523.072,4910
2008,31685.54,14716.721,4910
2009,28657.35,13357.766,4910
2010,27501.53,12612.141,4910
2011,29021.34,12901.872,4910
2012,26388.99,11493.764,4910
1989,970.71,782.83063,5040
1990,1002.87,767.30688,5040
1991,1493.42,1096.4905,5040
1992,1824.04,1300.0997,5040
1993,2429.69,1681.4463,5040
1994,2879.79,1943.1781,5040
1995,3445.97,2261.1353,5040
1996,3949.24,2517.043,5040
1997,4690.27,2922.2866,5040
1998,5049.34,3097.7546,5040
1999,4983.55,2991.3264,5040
2000,4841.67,2811.655,5040
2001,4874.85,2752.5974,5040
2002,5220.71,2902.0068,5040
2003,5330.28,2896.8914,5040
2004,5712.84,3024.2668,5040
2005,5713.2,2925.3455,5040
2006,5903.09,2928.1199,5040
2007,6639.5,3202.1973,5040
2008,7795.33,3620.6326,5040
2009,8982.83,4187.0771,5040
2010,9500.76,4357.0273,5040
2011,9856.02,4381.6416,5040
2012,10310.65,4490.8188,5040
1989,800.86,645.85486,5020
1990,967.15,739.97711,5020
1991,972.18,713.78857,5020
1992,983.58,701.05487,5020
1993,995.06,688.6228,5020
1994,1060.71,715.72876,5020
1995,1133.16,743.54333,5020
1996,1186.16,755.9975,5020
1997,1080.81,673.40186,5020
1998,1028.17,630.77911,5020
1999,1043.17,626.15247,5020
2000,1202.89,698.54242,5020
2001,1236.9,698.41895,5020
2002,1305.09,725.45306,5020
2003,1208.89,657.00543,5020
2004,1361.5,720.75177,5020
2005,1510.39,773.36914,5020
2006,1726.03,856.16565,5020
2007,2016.05,972.33069,5020
2008,2557.21,1187.7262,5020
2009,2557.27,1191.9949,5020
2010,2806.69,1287.1417,5020
1989,11271.15,9089.6367,5081
1990,12957.64,9914.0332,5081
1991,14247.65,10460.83,5081
1992,15373.02,10957.249,5081
1993,14897.07,10309.391,5081
1994,16418.21,11078.414,5081
1995,18890.55,12395.375,5081
1996,20120.06,12823.493,5081
1997,20186.9,12577.508,5081
1998,19911.59,12215.699,5081
1999,19576.84,11750.805,5081
2000,21514.03,12493.63,5081
2001,20761.78,11723.195,5081
2002,18806.43,10453.825,5081
2003,19413.38,10550.75,5081
2004,20302.71,10747.861,5081
2005,20984.22,10744.608,5081
2006,22339.21,11080.957,5081
2007,25330.42,12216.733,5081
2008,30190.17,14022.179,5081
2009,28523.42,13295.338,5081
2010,31420.31,14409.284,5081
2011,34264.73,15232.899,5081
2012,33432.68,14561.652,5081
1989,1352.56,1090.7742,5110
1990,1199.71,917.91132,5110
1991,1174.02,861.98236,5110
1992,1396.77,995.55951,5110
1993,1385.33,958.70587,5110
1994,1497.16,1010.2294,5110
1995,1578.45,1035.7284,5110
1996,1580.73,1007.4762,5110
1997,1608.13,1001.9501,5110
1998,1711.51,1050.0061,5110
1999,1719.95,1032.3829,5110
2000,1741.93,1011.5737,5110
2001,1802.99,1018.0632,5110
2002,1879.65,1044.8306,5110
2003,1949.46,1059.4891,5110
2004,2132.97,1129.1531,5110
2005,2300.14,1177.7471,5110
2006,2688.74,1333.7003,5110
2007,2989.8,1441.9655,5110
2008,3757.37,1745.1545,5110
2009,3986.56,1858.2156,5110
2010,4326.38,1984.0682,5110
2011,4618.45,2053.2012,5110
2012,4878.78,2124.9597,5110
1989,20478.53,16514.943,5200
1990,26621.51,20368.41,5200
1991,25847.41,18977.541,5200
1992,25960.97,18503.898,5200
1993,25654.37,17753.889,5200
1994,25762.53,17383.623,5200
1995,26394.42,17319.174,5200
1996,29058.86,18520.625,5200
1997,29535.55,18402.211,5200
1998,25897.65,15888.129,5200
1999,27321.04,16399.184,5200
2000,34688.98,20144.588,5200
2001,32621.29,18419.701,5200
2002,32790.71,18227.188,5200
2003,35017.31,19031.146,5200
2004,39304.51,20807.047,5200
2005,43988.56,22523.584,5200
2006,44283.3,21965.922,5200
2007,41472.29,20001.875,5200
2008,39074.84,18148.768,5200
2009,31073.63,14484.042,5200
2010,34778.05,15949.136,5200
2011,40951.45,18205.582,5200
2012,43773.84,19065.76,5200
1989,448.8,361.93549,5350
1990,482.94,369.50269,5350
1991,538.43,395.32306,5350
1992,559.83,399.02353,5350
1993,577.75,399.82697,5350
1994,571.1,385.35764,5350
1995,646.24,424.04202,5350
1996,662.3200000000001,422.12878,5350
1997,638.9500000000001,398.09967,5350
1998,619.93,380.32516,5350
1999,578.8,347.41898,5350
2000,580.61,337.17191,5350
2001,559.6,315.97968,5350
2002,545.84,303.41302,5350
2003,611.96,332.58694,5350
2004,706.3200000000001,373.91214,5350
2005,777.54,398.12595,5350
2006,883.48,438.23413,5350
2007,963.9,464.88409,5350
2008,1039.69,482.89621,5350
2009,1009.31,470.45963,5350
2010,1034.31,474.33224,5350
2011,1219.16,541.99585,5350
2012,1260.74,549.11713,5350
1989,362.17,292.07257,5330
1990,386.19,295.47821,5330
1991,318.63,233.94273,5330
1992,333.21,237.49821,5330
1993,315.95,218.65051,5330
1994,363.03,244.95952,5330
1995,391.99,257.2113,5330
1996,419.31,267.24667,5330
1997,435.42,271.2897,5330
1998,432.83,265.53989,5330
1999,459.82,276.00241,5330
2000,461.11,267.77585,5330
2001,470.17,265.48279,5330
2002,491.24,273.06284,5330
2003,572.13,310.94022,5330
2004,657.52,348.07837,5330
2005,748.85,383.43573,5330
2006,839.93,416.63193,5330
2007,1080.7,521.21613,5330
2008,1052.67,488.92493,5330
2009,1158.91,540.19122,5330
2010,1432.25,656.82666,5330
2011,1546.55,687.54199,5330
2012,1500.76,653.6582,5330
1989,280.06,225.85484,5380
1990,283.99,217.28387,5380
1991,285.92,209.92657,5380
1992,279.63,199.30862,5380
1993,286.81,198.48442,5380
1994,305.04,205.82996,5380
1995,330.19,216.66011,5380
1996,339.18,216.17592,5380
1997,347.26,216.36137,5380
1998,351.1,215.39877,5380
1999,358.01,214.89195,5380
2000,355.39,206.38211,5380
2001,350.29,197.79221,5380
2002,361.73,201.07283,5380
2003,391.39,212.71196,5380
2004,418.59,221.59344,5380
2005,427.06,218.6687,5380
2006,450.09,223.25893,5380
2007,505.05,243.58305,5380
2008,570.8,265.11475,5380
2009,634.59,295.79514,5380
2010,702.83,322.31628,5380
2011,747.12,332.1434,5380
2012,797.16,347.20419,5380
1989,448.79,361.92743,5420
1990,508.57,389.11249,5420
1991,550.72,404.34656,5420
1992,587.1900000000001,418.5246,5420
1993,619.59,428.78198,5420
1994,704.26,475.20917,5420
1995,740.01,485.57089,5420
1996,801.89,511.08353,5420
1997,882.96,550.13086,5420
1998,897.88,550.84662,5420
1999,889.31,533.7995,5420
2000,916.55,532.25897,5420
2001,868.08,490.16373,5420
2002,900.33,500.4614,5420
2003,982.33,533.875,5420
2004,1063.04,562.75281,5420
2005,1244.6,637.27594,5420
2006,1429.94,709.29559,5420
2007,1624.18,783.3338,5420
2008,2027.4,941.64972,5420
2009,2076.81,968.04279,5420
2010,2428.87,1113.8744,5420
2011,2880.34,1280.4983,5420
2012,2875.8,1252.559,5420
1989,214.06,172.62903,5360
1990,215.02,164.51416,5360
1991,229.48,168.48752,5360
1992,203.25,144.86813,5360
1993,212.69,147.19031,5360
1994,216.47,146.06613,5360
1995,229.06,150.30185,5360
1996,230.2,146.71767,5360
1997,244.09,152.08099,5360
1998,236.91,145.34355,5360
1999,238.15,142.94717,5360
2000,247.18,143.54239,5360
2001,249.03,140.61546,5360
2002,247.93,137.81546,5360
2003,258.01,140.22282,5360
2004,291.87,154.51033,5360
2005,323.42,165.60164,5360
2006,352.8,175,5360
2007,397.87,191.89069,5360
2008,477.93,221.98019,5360
2009,484.27,225.72797,5360
2010,596.06,273.35178,5360
2011,704.17,313.04932,5360
2012,690.04,300.54794,5360
1989,1306.77,1053.8468,5490
1990,1521.05,1163.7721,5490
1991,1688.66,1239.8385,5490
1992,1893.55,1349.6437,5490
1993,2087.83,1444.865,5490
1994,2441.95,1647.7395,5490
1995,2825.72,1854.1471,5490
1996,3026.6,1928.9995,5490
1997,2481.11,1545.8629,5490
1998,1819.86,1116.4785,5490
1999,1988.75,1193.7275,5490
2000,1983.32,1151.7538,5490
2001,1835.78,1036.5782,5490
2002,1999.3,1111.3397,5490
2003,2228.26,1211.0109,5490
2004,2479.03,1312.3505,5490
2005,2707.51,1386.3337,5490
2006,3172.3,1573.5615,5490
2007,3756.87,1811.9194,5490
2008,4110,1908.9377,5490
2009,3943.07,1837.9441,5490
2010,4740.33,2173.9048,5490
2011,5114.73,2273.8298,5490
2012,5390.41,2347.801,5490
1989,97.16,78.354836,5520
1990,98.03,75.00383,5520
1991,113.65,83.443466,5520
1992,144.15,102.74412,5520
1993,189.26,130.97577,5520
1994,229.85,155.09447,5520
1995,288.87,189.54726,5520
1996,337.52,215.11792,5520
1997,361.91,225.48909,5520
1998,360.93,221.42944,5520
1999,374.72,224.92197,5520
2000,401.57,233.19977,5520
2001,413.34,233.39355,5520
2002,440.21,244.69707,5520
2003,489.03,265.77716,5520
2004,603.67,319.5712,5520
2005,699.68,358.25906,5520
2006,796.93,395.30258,5520
2007,920.46,443.9332,5520
2008,1154.49,536.21643,5520
2009,1181.51,550.72552,5520
2010,1297.85,595.1911,5520
2011,1532.06,681.10022,5520
2012,1752.62,763.3562,5520
1989,42.08,33.935482,5550
1990,105.97,81.078812,5550
1991,229.77,168.70044,5550
1992,270.25,192.62296,5550
1993,260.76,180.45674,5550
1994,247.71,167.14575,5550
1995,297.27,195.05907,5550
1996,294.9,187.95413,5550
1997,281.03,175.09657,5550
1998,253.07,155.25768,5550
1999,281.18,168.77551,5550
2000,288.13,167.32288,5550
2001,309.1,174.53416,5550
2002,326.88,181.70096,5550
2003,349.47,189.92935,5550
2004,393.48,208.30069,5550
2005,455.09,233.02098,5550
2006,513.63,254.77678,5550
2007,603.14,290.89136,5550
2008,710.89,330.18121,5550
2009,703.41,327.8735,5550
2010,752.68,345.17737,5550
2011,853.5,379.43622,5550
2012,925.52,403.1116,5550
1989,573.46,462.46774,5600
1990,634.26,485.2793,5600
1991,698.84,513.09839,5600
1992,746.16,531.83179,5600
1993,838.4400000000001,580.23529,5600
1994,923.3200000000001,623.02295,5600
1995,1037.88,681.02368,5600
1996,1154.14,735.5896,5600
1997,1082.64,674.54205,5600
1998,473.48,290.47852,5600
1999,686.59,412.11884,5600
2000,800.05,464.6051,5600
2001,766.93,433.0491,5600
2002,922.1,512.56256,5600
2003,1091.22,593.05432,5600
2004,1177.51,623.35101,5600
2005,1290.77,660.9165,5600
2006,1622.6,804.86108,5600
2007,1897.56,915.18359,5600
2008,2211.37,1027.0967,5600
2009,2299.63,1071.9037,5600
2010,2985.77,1369.2675,5600
2011,3510.59,1560.6854,5600
2012,3593.67,1565.2283,5600
1989,2185.66,1762.629,5570
1990,2374.17,1816.5035,5570
1991,2649.14,1945.0367,5570
1992,3102.25,2211.1548,5570
1993,3412.71,2361.7371,5570
1994,3697.94,2495.2361,5570
1995,4295.15,2818.3401,5570
1996,4752.05,3028.7129,5570
1997,4601.4,2866.9158,5570
1998,3231.71,1982.6442,5570
1999,3454.84,2073.7334,5570
2000,3991.91,2318.1824,5570
2001,3846.24,2171.7898,5570
2002,4078.35,2267.0095,5570
2003,4352.36,2365.4131,5570
2004,4815.65,2549.3118,5570
2005,5421.34,2775.9036,5570
2006,6065.61,3008.7351,5570
2007,7121.82,3434.8179,5570
2008,8390.27,3896.9592,5570
2009,7203.34,3357.6213,5570
2010,8658.67,3970.8467,5570
2011,9979.389999999999,4436.4873,5570
2012,10344.87,4505.7231,5570
1989,10715.16,8641.2578,5590
1990,12745.06,9751.3857,5590
1991,14412.55,10581.901,5590
1992,16099.09,11474.762,5590
1993,18250.52,12630.117,5590
1994,21419.97,14453.421,5590
1995,24702,16208.662,5590
1996,25929.64,16526.223,5590
1997,26158.1,16297.882,5590
1998,21647.26,13280.527,5590
1999,21441.38,12869.976,5590
2000,23413.77,13596.847,5590
2001,21194.09,11967.301,5590
2002,21705.06,12065.07,5590
2003,23319.87,12673.842,5590
2004,27047.14,14318.232,5590
2005,29403.39,15055.499,5590
2006,33088.75,16413.07,5590
2007,38762.59,18695.002,5590
2008,39382.95,18291.873,5590
2009,37859.79,17647.207,5590
2010,45639.35,20930.104,5590
2011,51241.74,22780.283,5590
2012,52051.81,22671.242,5590
1989,784.88,632.96771,5650
1990,796.27,609.23492,5650
1991,797.08,585.2276,5650
1992,911.42,649.62225,5650
1993,914.0700000000001,632.5744,5650
1994,1051.68,709.63562,5650
1995,1200.43,787.68378,5650
1996,1311.13,835.64697,5650
1997,1273.33,793.35199,5650
1998,960.71,589.39264,5650
1999,1080.95,648.82953,5650
2000,1055.12,612.72937,5650
2001,970.38,547.92773,5650
2002,1014.94,564.16901,5650
2003,1024.77,556.94019,5650
2004,1093.48,578.86713,5650
2005,1208.93,619.01178,5650
2006,1405.21,697.02875,5650
2007,1683.69,812.03516,5650
2008,1918.26,890.95837,5650
2009,1851.48,863.01196,5650
2010,2155.41,988.46619,5650
2011,2378.93,1057.589,5650
2012,2611.5,1137.4426,5650
1990,1293.5,989.67108,5740
1991,1329.83,976.38031,5740
1992,724.93,516.69995,5740
1993,353.87,244.89273,5740
1994,420.54,283.7652,5740
1995,649.85,426.41077,5740
1996,593.64,378.35568,5740
1997,514.14,320.33646,5740
1998,483.03,296.33743,5740
1999,448.25,269.05762,5740
2000,475.59,276.18466,5740
2001,522.91,295.26257,5740
2002,567.9400000000001,315.69763,5740
2003,640.76,348.23914,5740
2004,790.02,418.22128,5740
2005,990.59,507.21454,5740
2006,1326.75,658.11011,5740
2007,1619.53,781.09113,5740
2008,2108.31,979.22931,5740
2009,1688.16,786.88525,5740
2010,2266.65,1039.4806,5740
2011,3125.53,1389.5012,5740
2012,3627.2,1579.8323,5740
1989,400.44,322.93549,5700
1990,341.35,261.17062,5700
1991,353.27,259.37592,5700
1992,416.68,296.99216,5700
1993,517.41,358.06918,5700
1994,466.6,314.84482,5700
1995,601.01,394.36353,5700
1996,699.48,445.81265,5700
1997,770.59,480.11838,5700
1998,817.15,501.31903,5700
1999,861.21,516.9328,5700
2000,945.6,549.12891,5700
2001,1038.04,586.13214,5700
2002,1131.8,629.12732,5700
2003,1269.83,690.125,5700
2004,1486.02,786.67023,5700
2005,1726.05,883.79413,5700
2006,2063.87,1023.745,5700
2007,2644.56,1275.4579,5700
2008,3403.53,1580.8094,5700
2009,3739.62,1743.1119,5700
2010,4422.66,2028.222,5700
2011,5434.36,2415.9263,5700
2012,6071.47,2644.4377,5700
1989,5565.1,4487.9839,5800
1990,6307.66,4826.0601,5800
1991,7288.84,5351.5713,5800
1992,7729.98,5509.6079,5800
1993,8422.049999999999,5828.4082,5800
1994,9757.5,6584.0083,5800
1995,11778.76,7728.8457,5800
1996,12586.61,8022.0591,5800
1997,11582.11,7216.2681,5800
1998,7723.84,4738.5522,5800
1999,9906.5,5946.2783,5800
2000,11346.66,6589.2334,5800
2001,10654.82,6016.2734,5800
2002,12093.73,6722.4741,5800
2003,13451.1,7310.3804,5800
2004,15028.82,7955.9663,5800
2005,17550.88,8986.625,5800
2006,19676.11,9759.9746,5800
2007,21590.17,10412.83,5800
2008,19028.07,8837.8105,5800
2009,16958.65,7904.7671,5800
2010,20540.18,9419.6807,5800
2011,22388.4,9953.0986,5800
2012,22588.92,9838.6377,5800
1989,24522.43,19776.152,5880
1990,25139.58,19234.568,5880
1991,28541.69,20955.719,5880
1992,30972.98,22076.25,5880
1993,35376.66,24482.117,5880
1994,38758.66,26152.941,5880
1995,42516.46,27897.941,5880
1996,37424.79,23852.641,5880
1997,34307.37,21375.309,5880
1998,30981.06,19006.785,5880
1999,35014.33,21017.004,5880
2000,37303.81,21663.072,5880
2001,32711.1,18470.412,5880
2002,31241.17,17365.854,5880
2003,33717.88,18324.934,5880
2004,36444.19,19292.85,5880
2005,35780.57,18320.824,5880
2006,34076.75,16903.15,5880
2007,34038.35,16416.523,5880
2008,37865.07,17586.875,5880
2009,39321.22,18328.41,5880
2010,42916.74,19681.521,5880
2011,46101.82,20495.256,5880
2012,46706.72,20343.18,5880
1989,7520.98,6065.3066,5830
1990,8086.46,6187.0396,5830
1991,8973.49,6588.4653,5830
1992,10572.62,7535.7236,5830
1993,11028.91,7632.4634,5830
1994,11932.17,8051.397,5830
1995,12865.45,8441.8965,5830
1996,13376.43,8525.4502,5830
1997,13739.83,8560.6416,5830
1998,12546.01,7696.9385,5830
1999,13534.66,8124.0454,5830
2000,14641.41,8502.5605,5830
2001,13107.64,7401.2646,5830
2002,13369.78,7431.7847,5830
2003,13747.84,7471.6519,5830
2004,14985.79,7933.187,5830
2005,16022.94,8204.2705,5830
2006,16450.67,8160.0542,5830
2007,17122.38,8258.0371,5830
2008,17372.27,8068.7544,5830
2009,16330.98,7612.1973,5830
2010,18488,8478.5557,5830
2011,19979.67,8882.2617,5830
2012,20335.92,8857.3398,5830
1989,12186.99,9828.2178,5820
1990,13568.88,10381.699,5820
1991,15505.57,11384.413,5820
1992,17931.67,12780.948,5820
1993,20302.03,14049.848,5820
1994,22482.44,15170.338,5820
1995,23349.7,15321.326,5820
1996,24952.97,15903.742,5820
1997,27463.09,17110.959,5820
1998,25734.93,15788.301,5820
1999,24970.35,14988.205,5820
2000,25578.32,14853.845,5820
2001,25170.4,14212.535,5820
2002,24732.93,13748.155,5820
2003,23858.78,12966.728,5820
2004,24876.03,13168.889,5820
2005,26553.93,13596.481,5820
2006,28030.9,13904.216,5820
2007,30496.83,14708.467,5820
2008,31488.09,14625.013,5820
2009,30593.78,14260.375,5820
2010,32429.3,14872.005,5820
2011,34970.75,15546.771,5820
2012,36676.3,15974.416,5820
1989,7113.46533203125,5736.6655,5660
1990,8312.17578125,6359.7368,5660
1991,9377.7392578125,6885.271,5660
1992,12126.05078125,8642.9443,5660
1993,13713.3056640625,9490.1768,5660
1994,14979.041015625,10107.315,5660
1995,16465.02734375,10803.824,5660
1996,16357.400390625,10425.367,5660
1997,16199.1357421875,10092.919,5660
1998,14771.4951171875,9062.2666,5660
1999,13907.5048828125,8347.8418,5660
2000,14127.56640625,8204.1621,5660
2001,14869.7783203125,8396.2607,5660
2002,15777.583984375,8770.1973,5660
2003,17584.7890625,9556.9502,5660
2004,22369.728515625,11842.102,5660
2005,25189.66796875,12897.935,5660
2006,30368.787109375,15063.882,5660
2007,36620.234375,17661.754,5660
2008,40867.5546875,18981.416,5660
2009,40876.515625,19053.363,5660
2010,53045.98828125,24326.771,5660
2011,67012.9609375,29791.617,5660
2012,77078.8203125,33571.793,5660
1989,18157.93,14643.492,6021
1990,18858.22,14428.631,6021
1991,18668.05,13706.351,6021
1992,18089.07,12893.136,6021
1993,17429.52,12061.951,6021
1994,19725.52,13310.067,6021
1995,20929.85,13733.498,6021
1996,23201.57,14787.49,6021
1997,23017.57,14341.165,6021
1998,20340.85,12479.049,6021
1999,21778.63,13072.407,6021
2000,20876.31,12123.293,6021
2001,19457.24,10986.584,6021
2002,21610.11,12012.291,6021
2003,27193.09,14778.853,6021
2004,32673.23,17296.576,6021
2005,35976.04,18420.91,6021
2006,37713.29,18706.988,6021
2007,44982.82,21694.986,6021
2008,48951.34,22736.023,6021
2009,45429.71,21175.699,6021
2010,56250.57,25796.387,6021
2011,66201.52,29430.879,6021
2012,67304.47,29314.561,6021
1989,12943.73,10438.492,6141
1990,13278.32,10159.389,6141
1991,12331.48,9053.9502,6141
1992,11635.06,8292.9863,6141
1993,12389.85,8574.29,6141
1994,14415.37,9726.9707,6141
1995,16737.11,10982.356,6141
1996,18285.63,11654.322,6141
1997,18012.92,11223.003,6141
1998,14702.99,9020.2393,6141
1999,15175.99,9109.2373,6141
2000,13832.93,8033.0605,6141
2001,13501.87,7623.8677,6141
2002,15503.65,8617.9268,6141
2003,20224.41,10991.527,6141
2004,24584.17,13014.384,6141
2005,27118.27,13885.442,6141
2006,25918.65,12856.473,6141
2007,31329.09,15109.861,6141
2008,31119.79,14453.951,6141
2009,27470.5,12804.551,6141
2010,32459.07,14885.657,6141
2011,36687.08,16309.791,6141
2012,38254.62,16661.855,6141
1989,1680.13,1354.9435,6863
1990,1890.5,1446.4423,6863
1991,1940.42,1424.6843,6863
1992,2124.6,1514.3264,6863
1993,2238.62,1549.2179,6863
1994,2464.25,1662.7867,6863
1995,2652.41,1740.4266,6863
1996,2777.95,1770.5227,6863
1997,2757.12,1717.8318,6863
1998,2124.7,1303.4969,6863
1999,2375.13,1425.6482,6863
2000,2117.66,1229.7677,6863
2001,2064.34,1165.6353,6863
2002,2267.94,1260.6671,6863
2003,2820.08,1532.6521,6863
2004,3290.68,1742.0223,6863
2005,3518.9,1801.792,6863
2006,3599.35,1785.3918,6863
2007,3916.6,1888.9564,6863
2008,4141.2,1923.429,6863
2009,3311.63,1543.6172,6863
2010,3623.61,1661.7794,6863
2011,4196.36,1865.5548,6863
2012,4476.49,1949.7418,6863
1998,1297.61,796.07977,6150
1999,1279.66,768.10321,6150
2000,1226.01,711.96863,6150
2001,1277.32,721.24225,6150
2002,1508.22,838.36578,6150
2003,1861.87,1011.8859,6150
2004,2123.42,1124.0974,6150
2005,2276.3,1165.5402,6150
2006,2535.64,1257.7579,6150
2007,2888.13,1392.9305,6150
2008,2778.21,1290.3722,6150
2009,3151.14,1468.8096,6150
2010,3416.51,1566.8038,6150
2011,3501.09,1556.462,6150
2012,3761.97,1638.5315,6150
1995,2098.67,1377.0801,6820
1996,2064.43,1315.7617,6820
1997,1947.02,1213.0966,6820
1998,2064.31,1266.4479,6820
1999,2069.02,1241.9088,6820
2000,2182.06,1267.1661,6820
2001,2250.31,1270.6437,6820
2002,2270.76,1262.2346,6820
2003,2309.56,1255.1957,6820
2004,2264.1,1198.5707,6820
2005,2368.14,1212.5652,6820
2006,2411.02,1195.9424,6820
2007,2447.73,1180.5278,6820
2008,2516.7,1168.9109,6820
2009,2683.64,1250.8984,6820
2010,2862.43,1312.704,6820
2011,2989.37,1328.9692,6820
2012,3141.99,1368.4983,6820
2000,8366.59,4858.647,6830
2001,8704.99,4915.2964,6830
2002,8728.6,4851.918,6830
2003,8884.440000000001,4828.5,6830
2004,9699.58,5134.77,6830
2005,10397.49,5323.8555,6830
2006,10658.64,5287.0239,6830
2007,10979.77,5295.4873,6830
2008,11265.1,5232.208,6830
2009,10696.75,4985.9697,6830
2010,10879.54,4989.3325,6830
2011,12042.59,5353.7139,6830
2012,13282.9,5785.3867,6830
